{"cameraMode":{"drawMode":0,"name":"Shaded","section":"Shading Mode"},"sceneLighting":false,"audioPlay":false,"sceneViewState":{"showFog":true,"showMaterialUpdate":true,"showSkybox":true,"showFlares":true,"showImageEffects":true,"showParticleSystems":true},"in2DMode":false,"pivot":{"x":2.384185791015625e-7,"y":1.5,"z":1.5000001192092896},"rotation":{"x":0.0007346830097958446,"y":0.7866795063018799,"z":0.0009365511359646916,"w":-0.617360532283783},"size":7.019325256347656,"orthographic":false}