{"cameraMode":{"drawMode":0,"name":"Shaded","section":"Shading Mode"},"sceneLighting":true,"audioPlay":false,"sceneViewState":{"showFog":true,"showMaterialUpdate":true,"showSkybox":true,"showFlares":true,"showImageEffects":true,"showParticleSystems":true},"in2DMode":false,"pivot":{"x":3.1653997898101808,"y":1.5260000228881837,"z":1.1820001602172852},"rotation":{"x":-0.11602087318897248,"y":0.792364776134491,"z":-0.15922635793685914,"w":-0.577359676361084},"size":40.010372161865237,"orthographic":false}