{"cameraMode":{"drawMode":0,"name":"Shaded","section":"Shading Mode"},"sceneLighting":false,"audioPlay":false,"sceneViewState":{"showFog":true,"showMaterialUpdate":true,"showSkybox":true,"showFlares":true,"showImageEffects":true,"showParticleSystems":true},"in2DMode":false,"pivot":{"x":-8.536504745483399,"y":1.5037500858306885,"z":-1.2692782878875733},"rotation":{"x":-0.067149817943573,"y":-0.708116888999939,"z":-0.06797317415475846,"w":0.6996006965637207},"size":47.39104461669922,"orthographic":false}