{"cameraMode":{"drawMode":0,"name":"Shaded","section":"Shading Mode"},"sceneLighting":true,"audioPlay":false,"sceneViewState":{"showFog":true,"showMaterialUpdate":true,"showSkybox":true,"showFlares":true,"showImageEffects":true,"showParticleSystems":true},"in2DMode":false,"pivot":{"x":-0.039999961853027347,"y":1.312999963760376,"z":0.08499908447265625},"rotation":{"x":-0.11602087318897248,"y":0.792364776134491,"z":-0.15922635793685914,"w":-0.577359676361084},"size":40.010372161865237,"orthographic":false}